-10.8911 , 21.6557
-10.8867 , 21.6749
-10.8778 , 21.6877
-10.8689 , 21.7006
-10.86 , 21.7134
-10.851 , 21.7262
-10.8419 , 21.739
-10.8325 , 21.7454
-10.8278 , 21.7582
-10.8183 , 21.771
-10.8088 , 21.7741
-10.8298 , 21.7868
-10.8204 , 21.7994
-10.8109 , 21.8122
-10.8014 , 21.8312
-10.7871 , 21.8438
-10.7774 , 21.8564
-10.7677 , 21.869
-10.7579 , 21.8815
-10.748 , 21.894
-10.738 , 21.9002
-10.733 , 21.9032
-10.7482 , 21.9156
-10.7382 , 21.928
-10.7282 , 21.9403
-10.718 , 21.9526
-10.7078 , 21.971
-10.6923 , 21.9833
-10.682 , 21.9895
-10.6768 , 22.008
-10.6612 , 22.0141
-10.656 , 22.025
-10.6631 , 22.0373
-10.6529 , 22.0495
-10.6425 , 22.0556
-10.6373 , 22.0616
-10.6321 , 22.0737
-10.6216 , 22.0857
-10.611 , 22.0977
-10.6003 , 22.1212
-10.5787 , 22.127
-10.5733 , 22.1295
-10.5844 , 22.1411
-10.5737 , 22.1526
-10.5629 , 22.164
-10.5521 , 22.1754
-10.5412 , 22.1868
-10.5303 , 22.1925
-10.5249 , 22.2039
-10.514 , 22.2152
-10.5031 , 22.2265
-10.4922 , 22.2378
-10.4812 , 22.2465
-10.4858 , 22.2521
-10.4803 , 22.2631
-10.4692 , 22.2686
-10.4636 , 22.2795
-10.4525 , 22.2903
-10.4412 , 22.3012
-10.4299 , 22.3121
-10.4185 , 22.3228
-10.4073 , 22.3336
-10.396 , 22.3496
-10.3792 , 22.3545
-10.3846 , 22.3597
-10.379 , 22.365
-10.3734 , 22.3755
-10.3623 , 22.3858
-10.3511 , 22.396
-10.3399 , 22.4061
-10.3287 , 22.4212
-10.3118 , 22.4311
-10.3005 , 22.4459
-10.2835 , 22.4507
-10.2778 , 22.4543
-10.2806 , 22.4639
-10.2693 , 22.4734
-10.2581 , 22.4828
-10.2469 , 22.4876
-10.2413 , 22.4922
-10.2357 , 22.4969
-10.2301 , 22.5062
-10.2188 , 22.5199
-10.202 , 22.5244
-10.1963 , 22.5379
-10.1794 , 22.5424
-10.1737 , 22.5502
-10.1637 , 22.559
-10.1523 , 22.5678
-10.141 , 22.5765
-10.1297 , 22.5851
-10.1185 , 22.5893
-10.1129 , 22.5977
-10.1017 , 22.606
-10.0906 , 22.6142
-10.0794 , 22.6265
-10.0628 , 22.6305
-10.0573 , 22.641
-10.0486 , 22.649
-10.0376 , 22.653
-10.032 , 22.6609
-10.0209 , 22.6687
-10.0099 , 22.6764
-9.9989 , 22.684
-9.988 , 22.6916
-9.9772 , 22.7027
-9.9612 , 22.7101
-9.9505 , 22.7171
-9.9449 , 22.7243
-9.9343 , 22.7315
-9.9236 , 22.7386
-9.913 , 22.7456
-9.9024 , 22.7526
-9.8919 , 22.756
-9.8867 , 22.7661
-9.8712 , 22.7694
-9.8661 , 22.7761
-9.8559 , 22.7826
-9.8457 , 22.7891
-9.8422 , 22.7954
-9.8321 , 22.8017
-9.8221 , 22.8047
-9.817 , 22.8107
-9.8069 , 22.8168
-9.7968 , 22.8226
-9.7869 , 22.8285
-9.7772 , 22.8372
-9.7628 , 22.843
-9.7535 , 22.8487
-9.7442 , 22.8553
-9.7451 , 22.8582
-9.7406 , 22.861
-9.7361 , 22.8666
-9.7271 , 22.8722
-9.7182 , 22.8777
-9.7093 , 22.883
-9.7005 , 22.8856
-9.6961 , 22.8908
-9.6873 , 22.8934
-9.6829 , 22.9009
-9.6696 , 22.9059
-9.6609 , 22.9145
-9.6568 , 22.9194
-9.6481 , 22.9219
-9.6438 , 22.9268
-9.6351 , 22.9317
-9.6265 , 22.9365
-9.6179 , 22.9389
-9.6136 , 22.9461
-9.6005 , 22.9485
-9.5961 , 22.9532
-9.5872 , 22.9581
-9.5781 , 22.9681
-9.5772 , 22.9731
-9.5679 , 22.9782
-9.5584 , 22.9834
-9.5488 , 22.986
-9.544 , 22.9886
-9.5391 , 22.9941
-9.5293 , 22.9997
-9.5193 , 23.0054
-9.5092 , 23.0113
-9.4989 , 23.0173
-9.4885 , 23.0233
-9.4904 , 23.0295
-9.4796 , 23.0327
-9.4741 , 23.0358
-9.4686 , 23.039
-9.4629 , 23.0455
-9.4515 , 23.0552
-9.4338 , 23.0585
-9.4278 , 23.0687
-9.4094 , 23.0756
-9.3967 , 23.0826
-9.3839 , 23.0958
-9.376 , 23.0995
-9.3693 , 23.1069
-9.3559 , 23.1143
-9.3422 , 23.1217
-9.3284 , 23.1254
-9.3215 , 23.1329
-9.3075 , 23.1404
-9.2934 , 23.1442
-9.2863 , 23.1479
-9.2792 , 23.1556
-9.265 , 23.1671
-9.2434 , 23.1804
-9.2347 , 23.1843
-9.2275 , 23.1881
-9.2204 , 23.192
-9.2132 , 23.1996
-9.1989 , 23.2071
-9.1847 , 23.2146
-9.1705 , 23.2256
-9.1494 , 23.2292
-9.1424 , 23.2364
-9.1285 , 23.2436
-9.1146 , 23.2472
-9.1077 , 23.2544
-9.1089 , 23.2616
-9.0952 , 23.2687
-9.0817 , 23.2758
-9.0682 , 23.283
-9.0549 , 23.2901
-9.0415 , 23.2973
-9.0281 , 23.3079
-9.008 , 23.3149
-8.9947 , 23.3219
-8.9813 , 23.3311
-8.9839 , 23.3381
-8.9706 , 23.3449
-8.9572 , 23.3586
-8.9305 , 23.362
-8.9239 , 23.3723
-8.9038 , 23.3757
-8.8971 , 23.3824
-8.8837 , 23.3892
-8.8704 , 23.396
-8.8569 , 23.4049
-8.8596 , 23.4117
-8.8464 , 23.4219
-8.8265 , 23.4287
-8.8133 , 23.4354
-8.8001 , 23.4422
-8.7869 , 23.449
-8.7737 , 23.4559
-8.7604 , 23.4627
-8.7471 , 23.4661
-8.7405 , 23.4781
-8.7403 , 23.4816
-8.7336 , 23.4851
-8.7269 , 23.4957
-8.7069 , 23.4993
-8.7002 , 23.5063
-8.6867 , 23.5134
-8.6732 , 23.5205
-8.6595 , 23.5276
-8.6457 , 23.5312
-8.6388 , 23.5383
-8.625 , 23.5455
-8.6111 , 23.5526
-8.597 , 23.5639
-8.5992 , 23.5712
-8.5852 , 23.5823
-8.564 , 23.5897
-8.5498 , 23.5935
-8.5427 , 23.6009
-8.5286 , 23.6083
-8.5143 , 23.612
-8.5072 , 23.6193
-8.4931 , 23.6266
-8.479 , 23.6387
-8.4774 , 23.646
-8.4635 , 23.6531
-8.4496 , 23.6638
-8.429 , 23.6709
-8.4153 , 23.6778
-8.4018 , 23.6847
-8.3885 , 23.6916
-8.3751 , 23.6984
-8.3619 , 23.705
-8.3487 , 23.7084
-8.3422 , 23.7196
-8.3408 , 23.723
-8.3343 , 23.7263
-8.3279 , 23.7329
-8.315 , 23.7395
-8.3022 , 23.7459
-8.2896 , 23.7523
-8.2769 , 23.7647
-8.2518 , 23.7678
-8.2456 , 23.7739
-8.2333 , 23.78
-8.2211 , 23.7921
-8.2199 , 23.7951
-8.2139 , 23.7981
-8.2079 , 23.8041
-8.1959 , 23.8101
-8.1841 , 23.8189
-8.1663 , 23.8247
-8.1546 , 23.8335
-8.137 , 23.8363
-8.1311 , 23.8449
-8.1136 , 23.8477
-8.1078 , 23.8616
-8.1048 , 23.873
-8.0817 , 23.8759
-8.0759 , 23.8817
-8.0643 , 23.8874
-8.0526 , 23.8931
-8.0408 , 23.8989
-8.0291 , 23.9077
-8.0112 , 23.9166
-7.9931 , 23.9197
-7.9869 , 23.9342
-7.9854 , 23.9373
-7.9793 , 23.9405
-7.9732 , 23.9469
-7.9609 , 23.9533
-7.9485 , 23.9629
-7.9299 , 23.9695
-7.9174 , 23.9727
-7.9111 , 23.9826
-7.8921 , 23.9893
-7.8792 , 24.0118
-7.8597 , 24.0153
-7.8531 , 24.0221
-7.8398 , 24.0289
-7.8264 , 24.0357
-7.813 , 24.0424
-7.7996 , 24.0458
-7.7929 , 24.0526
-7.7795 , 24.0595
-7.7662 , 24.0664
-7.7528 , 24.0733
-7.7395 , 24.0768
-7.7328 , 24.0944
-7.721 , 24.0981
-7.7143 , 24.1053
-7.701 , 24.1126
-7.6877 , 24.1199
-7.6744 , 24.1235
-7.6678 , 24.1307
-7.6546 , 24.1378
-7.6414 , 24.1448
-7.6282 , 24.1553
-7.6085 , 24.1622
-7.5953 , 24.1805
-7.5864 , 24.1876
-7.5733 , 24.191
-7.5667 , 24.1945
-7.5601 , 24.2015
-7.547 , 24.2083
-7.534 , 24.2152
-7.521 , 24.222
-7.5083 , 24.2254
-7.5019 , 24.2322
-7.4894 , 24.239
-7.477 , 24.2458
-7.4646 , 24.2622
-7.4563 , 24.2691
-7.444 , 24.2759
-7.4318 , 24.2894
-7.4074 , 24.2928
-7.4013 , 24.2995
-7.3889 , 24.3062
-7.3764 , 24.313
-7.3638 , 24.3266
-7.3384 , 24.33
-7.332 , 24.3486
-7.3193 , 24.3521
-7.3129 , 24.3591
-7.2998 , 24.3663
-7.2866 , 24.3734
-7.2734 , 24.3807
-7.2601 , 24.3879
-7.2467 , 24.3952
-7.2332 , 24.4026
-7.2198 , 24.4062
-7.213 , 24.4099
-7.2062 , 24.4136
-7.1995 , 24.4336
-7.1907 , 24.4449
-7.1704 , 24.4487
-7.1636 , 24.4562
-7.15 , 24.4636
-7.1365 , 24.4711
-7.123 , 24.4785
-7.1097 , 24.4822
-7.1029 , 24.4895
-7.0896 , 24.4969
-7.0763 , 24.5136
-7.0687 , 24.5211
-7.0553 , 24.5287
-7.0419 , 24.5362
-7.0285 , 24.5437
-7.0152 , 24.5548
-6.9951 , 24.5622
-6.9817 , 24.5696
-6.9684 , 24.577
-6.955 , 24.5843
-6.9415 , 24.5973
-6.936 , 24.601
-6.9293 , 24.6047
-6.9226 , 24.6122
-6.9092 , 24.616
-6.9024 , 24.6235
-6.889 , 24.631
-6.8755 , 24.6385
-6.862 , 24.6459
-6.8485 , 24.6533
-6.8349 , 24.6644
-6.8145 , 24.6719
-6.8008 , 24.6869
-6.7951 , 24.6907
-6.7882 , 24.6983
-6.7744 , 24.7021
-6.7676 , 24.7098
-6.7538 , 24.7174
-6.74 , 24.7251
-6.7262 , 24.7289
-6.7193 , 24.7366
-6.7055 , 24.7444
-6.6917 , 24.7521
-6.6779 , 24.7598
-6.6641 , 24.7636
-6.6572 , 24.7796
-6.6515 , 24.7836
-6.6446 , 24.7954
-6.6238 , 24.8032
-6.61 , 24.8111
-6.5962 , 24.8189
-6.5823 , 24.8307
-6.5615 , 24.8346
-6.5545 , 24.8424
-6.5406 , 24.8502
-6.5267 , 24.8635
-6.5212 , 24.8713
-6.5073 , 24.8832
-6.4863 , 24.8911
-6.4722 , 24.8989
-6.4582 , 24.9068
-6.4441 , 24.9147
-6.43 , 24.9227
-6.4157 , 24.9306
-6.4016 , 24.9385
-6.3874 , 24.9524
-6.3803 , 24.9564
-6.3732 , 24.9644
-6.359 , 24.9724
-6.3448 , 24.9803
-6.3306 , 24.9883
-6.3163 , 24.9964
-6.302 , 25.0125
-6.2733 , 25.0166
-6.2661 , 25.0247
-6.2516 , 25.0413
-6.2431 , 25.0496
-6.2286 , 25.058
-6.2139 , 25.0664
-6.1991 , 25.0792
-6.1769 , 25.0877
-6.162 , 25.0963
-6.1471 , 25.1048
-6.1321 , 25.1134
-6.1171 , 25.1177
-6.1095 , 25.122
-6.1019 , 25.1464
-6.0783 , 25.1509
-6.0705 , 25.1599
-6.0549 , 25.1689
-6.0392 , 25.178
-6.0236 , 25.1871
-6.008 , 25.1961
-5.9925 , 25.2096
-5.9692 , 25.2232
-5.9456 , 25.2277
-5.9378 , 25.2423
-5.9286 , 25.2468
-5.9207 , 25.2514
-5.9127 , 25.2607
-5.8968 , 25.2701
-5.8808 , 25.284
-5.8566 , 25.2933
-5.8406 , 25.3025
-5.8245 , 25.3116
-5.8086 , 25.3208
-5.7925 , 25.3298
-5.7765 , 25.3457
-5.7659 , 25.3504
-5.7578 , 25.355
-5.7498 , 25.3689
-5.7256 , 25.3736
-5.7176 , 25.3829
-5.7014 , 25.3875
-5.6934 , 25.3967
-5.6773 , 25.4058
-5.6613 , 25.4148
-5.6454 , 25.4283
-5.6217 , 25.4328
-5.6139 , 25.4489
-5.6033 , 25.4534
-5.5955 , 25.4625
-5.5799 , 25.4669
-5.5721 , 25.4714
-5.5643 , 25.4802
-5.5487 , 25.4891
-5.5331 , 25.4979
-5.5175 , 25.5067
-5.502 , 25.5154
-5.4866 , 25.524
-5.4713 , 25.5283
-5.4637 , 25.5473
-5.4479 , 25.5517
-5.4403 , 25.5602
-5.4251 , 25.5688
-5.41 , 25.5773
-5.3949 , 25.5943
-5.3647 , 25.5986
-5.3572 , 25.6112
-5.3347 , 25.6154
-5.3272 , 25.6237
-5.3123 , 25.6434
-5.2986 , 25.6476
-5.2911 , 25.6644
-5.2616 , 25.6686
-5.2542 , 25.6769
-5.2395 , 25.6851
-5.2248 , 25.6934
-5.2101 , 25.7016
-5.1953 , 25.7099
-5.1805 , 25.7223
-5.1584 , 25.7394
-5.1422 , 25.7435
-5.1349 , 25.7518
-5.1202 , 25.7643
-5.0981 , 25.7686
-5.0906 , 25.777
-5.0757 , 25.7855
-5.0606 , 25.7898
-5.0531 , 25.7941
-5.0455 , 25.8112
-5.015 , 25.8155
-5.0073 , 25.8217
-5.002 , 25.8304
-4.9868 , 25.8391
-4.9714 , 25.8477
-4.956 , 25.8564
-4.9404 , 25.8652
-4.9247 , 25.8828
-4.893 , 25.8873
-4.885 , 25.8963
-4.869 , 25.9052
-4.8529 , 25.9142
-4.8487 , 25.9233
-4.8326 , 25.9324
-4.8164 , 25.9415
-4.8003 , 25.9507
-4.784 , 25.9552
-4.7759 , 25.9643
-4.7595 , 25.9736
-4.743 , 25.9828
-4.7265 , 25.9969
-4.7014 , 26.0016
-4.693 , 26.0229
-4.6697 , 26.0277
-4.6613 , 26.0374
-4.6443 , 26.047
-4.6274 , 26.0567
-4.6105 , 26.0663
-4.5935 , 26.0857
-4.5595 , 26.0905
-4.551 , 26.1002
-4.5339 , 26.1182
-4.5174 , 26.1231
-4.5088 , 26.1329
-4.4915 , 26.1427
-4.4742 , 26.1625
-4.4394 , 26.1675
-4.4306 , 26.1774
-4.413 , 26.1874
-4.3953 , 26.1974
-4.3775 , 26.2075
-4.3595 , 26.2176
-4.3415 , 26.2306
-4.3332 , 26.2408
-4.3151 , 26.2461
-4.306 , 26.2564
-4.2878 , 26.2669
-4.2694 , 26.2773
-4.2511 , 26.2878
-4.2328 , 26.2983
-4.2144 , 26.314
-4.1868 , 26.3192
-4.1775 , 26.3245
-4.1683 , 26.3379
-4.1595 , 26.3432
-4.1502 , 26.3486
-4.1409 , 26.3591
-4.1225 , 26.3697
-4.104 , 26.3803
-4.0855 , 26.3908
-4.067 , 26.4011
-4.0486 , 26.4115
-4.0302 , 26.4322
-3.9934 , 26.4374
-3.9842 , 26.4564
-3.9648 , 26.4615
-3.9556 , 26.4719
-3.9372 , 26.4821
-3.9188 , 26.4924
-3.9005 , 26.5128
-3.8641 , 26.5179
-3.855 , 26.5281
-3.8369 , 26.5383
-3.8187 , 26.5603
-3.8013 , 26.5654
-3.7923 , 26.5756
-3.7743 , 26.5857
-3.7564 , 26.5958
-3.7385 , 26.6008
-3.7296 , 26.6158
-3.7029 , 26.6208
-3.694 , 26.6306
-3.6763 , 26.6405
-3.6585 , 26.6553
-3.6321 , 26.6601
-3.6232 , 26.665
-3.6144 , 26.6846
-3.5963 , 26.6895
-3.5876 , 26.6993
-3.5702 , 26.709
-3.5527 , 26.7187
-3.5353 , 26.7283
-3.518 , 26.7379
-3.5007 , 26.7523
-3.4749 , 26.7617
-3.4578 , 26.7712
-3.4407 , 26.7867
-3.4294 , 26.7962
-3.4123 , 26.8056
-3.3953 , 26.815
-3.3783 , 26.8243
-3.3613 , 26.829
-3.3528 , 26.8382
-3.3358 , 26.8475
-3.3189 , 26.8567
-3.302 , 26.8659
-3.2851 , 26.8888
-3.2674 , 26.8982
-3.2504 , 26.9029
-3.2419 , 26.9122
-3.2249 , 26.9216
-3.2077 , 26.931
-3.1905 , 26.9357
-3.1819 , 26.9452
-3.1647 , 26.9547
-3.1474 , 26.9642
-3.13 , 26.9737
-3.1126 , 26.9945
-3.1015 , 26.9995
-3.0928 , 27.0044
-3.084 , 27.0193
-3.0574 , 27.0292
-3.0396 , 27.0393
-3.0218 , 27.0493
-3.0039 , 27.0593
-2.9861 , 27.0691
-2.9684 , 27.084
-2.9416 , 27.089
-2.9327 , 27.094
-2.9237 , 27.1131
-2.914 , 27.1231
-2.8959 , 27.1332
-2.8777 , 27.1434
-2.8593 , 27.1639
-2.8227 , 27.1743
-2.8043 , 27.1794
-2.7952 , 27.1948
-2.7677 , 27.2
-2.7586 , 27.2103
-2.7402 , 27.2293
-2.7296 , 27.2397
-2.711 , 27.2555
-2.683 , 27.2663
-2.664 , 27.2771
-2.645 , 27.2879
-2.6258 , 27.2988
-2.6066 , 27.3098
-2.5873 , 27.3206
-2.5682 , 27.3315
-2.5489 , 27.3528
-2.5372 , 27.3638
-2.5179 , 27.3693
-2.5083 , 27.3805
-2.489 , 27.3915
-2.4697 , 27.4026
-2.4501 , 27.4192
-2.4207 , 27.4247
-2.411 , 27.4358
-2.3914 , 27.4469
-2.3718 , 27.4524
-2.362 , 27.4579
-2.3523 , 27.4804
-2.3414 , 27.4916
-2.322 , 27.4971
-2.3123 , 27.5082
-2.293 , 27.5193
-2.2736 , 27.5303
-2.2543 , 27.5413
-2.235 , 27.5578
-2.2062 , 27.5687
-2.1871 , 27.5795
-2.168 , 27.6046
-2.1478 , 27.61
-2.1383 , 27.6209
-2.1194 , 27.6318
-2.1004 , 27.6481
-2.0722 , 27.6588
-2.0536 , 27.6695
-2.0349 , 27.6802
-2.0164 , 27.6908
-1.9977 , 27.7013
-1.9791 , 27.7218
-1.9691 , 27.7323
-1.9506 , 27.7376
-1.9414 , 27.748
-1.9231 , 27.7584
-1.9047 , 27.7688
-1.8864 , 27.7792
-1.8681 , 27.7997
-1.8316 , 27.8049
-1.8224 , 27.81
-1.8133 , 27.8151
-1.8042 , 27.8402
-1.7833 , 27.8454
-1.7742 , 27.8506
-1.7651 , 27.8558
-1.7561 , 27.8662
-1.738 , 27.8765
-1.7199 , 27.897
-1.6838 , 27.9021
-1.6748 , 27.9121
-1.657 , 27.9223
-1.6391 , 27.9323
-1.6213 , 27.9473
-1.5946 , 27.968
-1.5842 , 27.9731
-1.5753 , 27.9882
-1.5486 , 27.9982
-1.531 , 28.0083
-1.5134 , 28.0182
-1.4959 , 28.028
-1.4784 , 28.0378
-1.461 , 28.0476
-1.4436 , 28.0574
-1.4262 , 28.0751
-1.4145 , 28.08
-1.4058 , 28.0849
-1.397 , 28.0948
-1.3796 , 28.0997
-1.371 , 28.1146
-1.3449 , 28.1195
-1.3362 , 28.1293
-1.3188 , 28.1393
-1.3013 , 28.1492
-1.2838 , 28.1642
-1.2576 , 28.1799
-1.2414 , 28.195
-1.2151 , 28.2
-1.2063 , 28.21
-1.1887 , 28.215
-1.18 , 28.22
-1.1711 , 28.2249
-1.1623 , 28.2299
-1.1535 , 28.2399
-1.1357 , 28.2448
-1.1268 , 28.2548
-1.1089 , 28.2648
-1.091 , 28.275
-1.073 , 28.2902
-1.0577 , 28.3004
-1.0396 , 28.3106
-1.0216 , 28.326
-0.9944 , 28.3364
-0.9762 , 28.3467
-0.9579 , 28.3572
-0.9395 , 28.3677
-0.921 , 28.3782
-0.9025 , 28.3888
-0.8839 , 28.4107
-0.8599 , 28.4269
-0.8317 , 28.4323
-0.8223 , 28.4486
-0.7939 , 28.4541
-0.7844 , 28.465
-0.7654 , 28.4759
-0.7463 , 28.4922
-0.7176 , 28.5031
-0.6984 , 28.514
-0.6792 , 28.5328
-0.6685 , 28.5383
-0.6588 , 28.5438
-0.6492 , 28.5547
-0.6299 , 28.5767
-0.5914 , 28.5821
-0.5818 , 28.5876
-0.5722 , 28.593
-0.5625 , 28.604
-0.5433 , 28.6151
-0.524 , 28.6261
-0.5047 , 28.6371
-0.4854 , 28.658
-0.4748 , 28.6691
-0.4555 , 28.6802
-0.4363 , 28.6858
-0.4266 , 28.6914
-0.417 , 28.7082
-0.3881 , 28.7193
-0.3689 , 28.7305
-0.3496 , 28.7416
-0.3303 , 28.7527
-0.3109 , 28.7638
-0.2916 , 28.7926
-0.2748 , 28.8038
-0.2554 , 28.815
-0.236 , 28.8263
-0.2166 , 28.8375
-0.1971 , 28.8488
-0.1777 , 28.8658
-0.1484 , 28.8771
-0.1289 , 28.8883
-0.1094 , 28.9143
-0.0893 , 28.92
-0.0796 , 28.9315
-0.0601 , 28.943
-0.0404 , 28.9546
-0.0207 , 28.9604
-0.0109 , 28.972
0.009 , 28.9838
0.0289 , 29.0014
0.0588 , 29.0073
0.0687 , 29.0191
0.0888 , 29.0396
0.0988 , 29.0515
0.1188 , 29.0635
0.1389 , 29.0754
0.159 , 29.0813
0.1691 , 29.0933
0.1893 , 29.0992
0.1994 , 29.1052
0.2096 , 29.1172
0.2299 , 29.1291
0.2502 , 29.153
0.2906 , 29.1589
0.3007 , 29.1867
0.3219 , 29.1928
0.332 , 29.2048
0.3521 , 29.2167
0.3721 , 29.2286
0.3921 , 29.2524
0.432 , 29.2583
0.4419 , 29.2641
0.4518 , 29.2701
0.4618 , 29.276
0.4717 , 29.2936
0.5013 , 29.3057
0.5207 , 29.3174
0.5405 , 29.329
0.5602 , 29.3407
0.5797 , 29.3579
0.6089 , 29.3636
0.6186 , 29.3862
0.6572 , 29.3918
0.6669 , 29.403
0.6862 , 29.4141
0.7054 , 29.4271
0.719 , 29.4382
0.7383 , 29.4493
0.7574 , 29.4714
0.7957 , 29.4824
0.8148 , 29.4879
0.8243 , 29.4988
0.8432 , 29.5096
0.862 , 29.5205
0.8808 , 29.526
0.8901 , 29.5369
0.9089 , 29.5535
0.9231 , 29.5645
0.942 , 29.5754
0.9608 , 29.5863
0.9796 , 29.5972
0.9984 , 29.6081
1.0173 , 29.619
1.0361 , 29.6406
1.0738 , 29.6461
1.0831 , 29.6614
1.0976 , 29.6723
1.1163 , 29.683
1.135 , 29.6937
1.1536 , 29.6991
1.1629 , 29.715
1.1907 , 29.7203
1.2 , 29.7308
1.2187 , 29.7413
1.2372 , 29.7518
1.2558 , 29.7622
1.2743 , 29.7725
1.2927 , 29.7894
1.3058 , 29.7947
1.315 , 29.8051
1.3333 , 29.8157
1.3516 , 29.8262
1.3699 , 29.8368
1.3883 , 29.8474
1.4067 , 29.8527
1.4159 , 29.858
1.4252 , 29.8686
1.4437 , 29.8792
1.4623 , 29.9032
1.4839 , 29.9086
1.4932 , 29.9245
1.521 , 29.9402
1.5486 , 29.9455
1.5578 , 29.9558
1.5761 , 29.9661
1.5943 , 29.9863
1.6303 , 29.9913
1.6392 , 30.0013
1.6571 , 30.0178
1.6669 , 30.0227
1.6757 , 30.0278
1.6846 , 30.0379
1.7023 , 30.0479
1.7201 , 30.058
1.7377 , 30.0731
1.7642 , 30.0831
1.7818 , 30.0932
1.7993 , 30.1031
1.8167 , 30.1195
1.8238 , 30.1294
1.841 , 30.1392
1.8583 , 30.1587
1.8928 , 30.1636
1.9014 , 30.1734
1.9186 , 30.1831
1.9357 , 30.1928
1.9528 , 30.2073
1.9783 , 30.212
1.9867 , 30.2214
2.0035 , 30.2405
2.0118 , 30.2452
2.0201 , 30.2546
2.0368 , 30.2638
2.0534 , 30.2731
2.07 , 30.2824
2.0866 , 30.2917
2.1033 , 30.3056
2.1282 , 30.3148
2.1449 , 30.3241
2.1614 , 30.3334
2.1779 , 30.3489
2.1867 , 30.3581
2.203 , 30.3673
2.2192 , 30.381
2.2434 , 30.39
2.2595 , 30.399
2.2756 , 30.408
2.2919 , 30.4171
2.3082 , 30.4262
2.3247 , 30.4414
2.3318 , 30.446
2.3399 , 30.4507
2.3481 , 30.4599
2.3646 , 30.4691
2.3809 , 30.4783
2.3973 , 30.4829
2.4055 , 30.492
2.4218 , 30.5058
2.4465 , 30.5105
2.4548 , 30.5244
2.4797 , 30.5338
2.4964 , 30.5497
2.5045 , 30.5546
2.5129 , 30.5594
2.5213 , 30.569
2.538 , 30.5785
2.5546 , 30.588
2.5712 , 30.5975
2.5878 , 30.6069
2.6043 , 30.6211
2.629 , 30.6306
2.6456 , 30.6541
2.6626 , 30.6589
2.671 , 30.6685
2.6877 , 30.6782
2.7046 , 30.6877
2.7215 , 30.6973
2.7384 , 30.7116
2.7637 , 30.7211
2.7805 , 30.7306
2.7972 , 30.7353
2.8056 , 30.7401
2.814 , 30.7592
2.8237 , 30.764
2.8322 , 30.7688
2.8406 , 30.7785
2.8574 , 30.793
2.8825 , 30.8027
2.8993 , 30.817
2.9242 , 30.8217
2.9324 , 30.8312
2.9488 , 30.8405
2.9651 , 30.8546
2.9896 , 30.8639
3.0058 , 30.8792
3.0139 , 30.8839
3.0221 , 30.8886
3.0303 , 30.8981
3.0466 , 30.9075
3.063 , 30.9169
3.0793 , 30.9263
3.0957 , 30.931
3.1039 , 30.9356
3.112 , 30.9448
3.1283 , 30.9541
3.1446 , 30.9587
3.1527 , 30.9737
3.1608 , 30.9784
3.169 , 30.9831
3.1772 , 30.9924
3.1935 , 31.0018
3.2099 , 31.0111
3.2262 , 31.0204
3.2425 , 31.0297
3.2588 , 31.0344
3.2669 , 31.0436
3.2831 , 31.0529
3.2993 , 31.0621
3.3153 , 31.0771
3.3222 , 31.0818
3.3302 , 31.0865
3.3382 , 31.1051
3.3702 , 31.1098
3.3782 , 31.1145
3.3863 , 31.1191
3.3943 , 31.1284
3.4104 , 31.1378
3.4265 , 31.1471
3.4426 , 31.1564
3.4588 , 31.161
3.4668 , 31.1656
3.4748 , 31.1941
3.4999 , 31.1987
3.5078 , 31.2079
3.5237 , 31.2216
3.5474 , 31.2262
3.5553 , 31.2353
3.5712 , 31.2535
3.6029 , 31.258
3.6108 , 31.2669
3.6265 , 31.283
3.6349 , 31.2875
3.6427 , 31.292
3.6505 , 31.3009
3.6659 , 31.3098
3.6812 , 31.3186
3.6965 , 31.3361
3.7271 , 31.3405
3.7348 , 31.3492
3.7502 , 31.3624
3.7734 , 31.3668
3.7811 , 31.3757
3.7966 , 31.3801
3.8043 , 31.3993
3.8212 , 31.4038
3.829 , 31.4127
3.8444 , 31.4172
3.8521 , 31.4218
3.8599 , 31.4308
3.8754 , 31.44
3.891 , 31.4491
3.9066 , 31.4584
3.9222 , 31.4676
3.9378 , 31.4767
3.9536 , 31.5064
3.9748 , 31.511
3.9827 , 31.5201
3.9983 , 31.5292
4.014 , 31.5383
4.0297 , 31.5474
4.0454 , 31.5565
4.0611 , 31.5703
4.0847 , 31.5794
4.1004 , 31.602
4.1138 , 31.6111
4.1294 , 31.6156
4.1371 , 31.6293
4.1604 , 31.6383
4.1759 , 31.6474
4.1915 , 31.6565
4.2071 , 31.6657
4.2227 , 31.6749
4.2382 , 31.6841
4.2538 , 31.7062
4.2663 , 31.7108
4.2741 , 31.7295
4.3051 , 31.7342
4.3129 , 31.7389
4.3206 , 31.7435
4.3284 , 31.7528
4.3439 , 31.762
4.3593 , 31.7712
4.3749 , 31.7849
4.3981 , 31.7895
4.4058 , 31.8071
4.4143 , 31.8117
4.422 , 31.8163
4.4297 , 31.8209
4.4374 , 31.83
4.4527 , 31.8392
4.468 , 31.8482
4.4831 , 31.8661
4.5135 , 31.8706
4.5211 , 31.8837
4.5437 , 31.8881
4.5512 , 31.8968
4.5662 , 31.9182
4.581 , 31.9226
4.5884 , 31.9403
4.6183 , 31.9447
4.6258 , 31.958
4.6483 , 31.9624
4.6558 , 31.9713
4.6707 , 31.9757
4.6782 , 31.9801
4.6855 , 31.9889
4.7003 , 31.9978
4.7151 , 32.0135
4.7247 , 32.0224
4.7394 , 32.0269
4.7468 , 32.0314
4.7541 , 32.0448
4.7762 , 32.0536
4.7908 , 32.0625
4.8056 , 32.0713
4.8202 , 32.0801
4.8349 , 32.0888
4.8494 , 32.1089
4.8661 , 32.1175
4.8806 , 32.1261
4.8951 , 32.1346
4.9097 , 32.1389
4.917 , 32.1432
4.9243 , 32.1519
4.939 , 32.1563
4.9463 , 32.1607
4.9538 , 32.1783
4.9833 , 32.1871
4.998 , 32.1915
5.0054 , 32.2126
5.0199 , 32.217
5.0273 , 32.2261
5.0421 , 32.2352
5.057 , 32.2444
5.0721 , 32.2536
5.0872 , 32.2583
5.0948 , 32.2677
5.1102 , 32.2771
5.1256 , 32.2865
5.141 , 32.296
5.1565 , 32.3109
5.1667 , 32.3205
5.1823 , 32.3349
5.2057 , 32.3445
5.2214 , 32.3542
5.2372 , 32.3638
5.253 , 32.3735
5.2689 , 32.3928
5.3008 , 32.3976
5.3088 , 32.4072
5.3248 , 32.4287
5.3467 , 32.4386
5.3629 , 32.4435
5.371 , 32.4533
5.387 , 32.4632
5.4031 , 32.4781
5.4272 , 32.4879
5.4432 , 32.5027
5.4673 , 32.5076
5.4754 , 32.5176
5.4915 , 32.535
5.5023 , 32.545
5.5184 , 32.555
5.5344 , 32.5651
5.5505 , 32.575
5.5665 , 32.5851
5.5827 , 32.5951
5.5989 , 32.6002
5.607 , 32.6103
5.6233 , 32.6204
5.6396 , 32.6304
5.6559 , 32.6468
5.6703 , 32.657
5.6867 , 32.672
5.7112 , 32.6871
5.7357 , 32.6921
5.7439 , 32.7021
5.7603 , 32.7123
5.7768 , 32.7224
5.7932 , 32.7325
5.8098 , 32.7375
5.8181 , 32.7575
5.8403 , 32.7626
5.8486 , 32.7727
5.8651 , 32.7828
5.8817 , 32.7929
5.8981 , 32.8031
5.9145 , 32.8234
5.9474 , 32.8284
5.9557 , 32.8385
5.972 , 32.8486
5.9884 , 32.8699
6.0088 , 32.8749
6.0169 , 32.8849
6.0331 , 32.8949
6.0492 , 32.9048
6.0653 , 32.9096
6.0732 , 32.9241
6.0969 , 32.9289
6.1048 , 32.9384
6.1205 , 32.9526
6.144 , 32.9573
6.1518 , 32.9667
6.1674 , 32.9815
6.1766 , 32.9862
6.1844 , 32.9957
6.1998 , 33.0051
6.2152 , 33.0145
6.2305 , 33.0238
6.2457 , 33.0375
6.2684 , 33.042
6.276 , 33.0511
6.291 , 33.0601
6.3059 , 33.074
6.3116 , 33.0832
6.3264 , 33.0877
6.3338 , 33.0968
6.3485 , 33.1058
6.3633 , 33.1147
6.378 , 33.1281
6.4001 , 33.1325
6.4074 , 33.1457
6.4293 , 33.1546
6.4437 , 33.1721
6.4556 , 33.1809
6.4699 , 33.1854
6.477 , 33.1942
6.4913 , 33.203
6.5055 , 33.2116
6.5198 , 33.2203
6.534 , 33.2289
6.5482 , 33.2332
6.5553 , 33.2418
6.5694 , 33.2503
6.5834 , 33.2634
6.5892 , 33.2677
6.5961 , 33.2719
6.603 , 33.2888
6.6305 , 33.293
6.6374 , 33.3014
6.6511 , 33.3097
6.6648 , 33.3179
6.6784 , 33.326
6.692 , 33.3342
6.7056 , 33.3423
6.7192 , 33.3463
6.7259 , 33.3574
6.734 , 33.3614
6.7407 , 33.3694
6.754 , 33.3735
6.7607 , 33.3814
6.7738 , 33.3893
6.7869 , 33.3971
6.7999 , 33.4049
6.8129 , 33.4088
6.8193 , 33.4165
6.8321 , 33.4242
6.8449 , 33.4319
6.8576 , 33.4396
6.8702 , 33.4521
6.8772 , 33.4674
6.9023 , 33.4712
6.9085 , 33.4786
6.9209 , 33.486
6.9333 , 33.4969
6.9518 , 33.5005
6.9579 , 33.5077
6.9701 , 33.5148
6.9822 , 33.5372
6.9826 , 33.5408
6.9887 , 33.5445
6.9947 , 33.5592
7.0189 , 33.5666
7.0311 , 33.5703
7.0373 , 33.5778
7.0496 , 33.5853
7.0619 , 33.5928
7.0743 , 33.6003
7.0867 , 33.6079
7.0991 , 33.6117
7.1054 , 33.6305
7.1093 , 33.6344
7.1156 , 33.6383
7.1219 , 33.6463
7.1345 , 33.6543
7.1473 , 33.6624
7.1602 , 33.6705
7.1732 , 33.6787
7.1862 , 33.6911
7.206 , 33.6994
7.2193 , 33.7159
7.2259 , 33.7201
7.2326 , 33.7244
7.2393 , 33.7329
7.2528 , 33.7414
7.2664 , 33.7586
7.2937 , 33.7629
7.3005 , 33.7716
7.3143 , 33.7803
7.3282 , 33.789
7.3422 , 33.7979
7.3563 , 33.8023
7.3635 , 33.8195
7.3697 , 33.824
7.3769 , 33.8376
7.3982 , 33.8467
7.4127 , 33.8558
7.4271 , 33.865
7.4416 , 33.8743
7.4561 , 33.8836
7.4707 , 33.8929
7.4853 , 33.8976
7.4927 , 33.907
7.5075 , 33.9165
7.5223 , 33.9293
7.5342 , 33.9389
7.5491 , 33.9485
7.5642 , 33.9581
7.5793 , 33.9678
7.5944 , 33.9726
7.602 , 33.9823
7.6171 , 33.9872
7.6248 , 34.0018
7.6478 , 34.0116
7.6633 , 34.0228
7.6758 , 34.0328
7.6914 , 34.0429
7.7071 , 34.053
7.7227 , 34.0581
7.7306 , 34.0632
7.7384 , 34.0835
7.7699 , 34.0886
7.7778 , 34.0989
7.7937 , 34.1091
7.8097 , 34.1195
7.8259 , 34.1295
7.8402 , 34.14
7.8566 , 34.1505
7.873 , 34.1558
7.8813 , 34.1665
7.8978 , 34.1719
7.906 , 34.1826
7.9226 , 34.1879
7.9309 , 34.1986
7.9475 , 34.2093
7.964 , 34.2201
7.9807 , 34.2365
8.0011 , 34.2419
8.0095 , 34.2473
8.0179 , 34.2527
8.0264 , 34.2582
8.0348 , 34.2691
8.0519 , 34.2801
8.0689 , 34.2911
8.0859 , 34.3129
8.12 , 34.3184
8.1284 , 34.3293
8.1454 , 34.34
8.1624 , 34.3505
8.1744 , 34.3559
8.1829 , 34.3614
8.1914 , 34.3722
8.2085 , 34.3831
8.2256 , 34.3939
8.2427 , 34.3993
8.2511 , 34.4101
8.268 , 34.4208
8.2849 , 34.4316
8.3018 , 34.4423
8.3185 , 34.453
8.3353 , 34.4688
8.3605 , 34.4809
8.3731 , 34.4861
8.3814 , 34.4914
8.3898 , 34.5018
8.4065 , 34.5123
8.4231 , 34.5226
8.4396 , 34.5382
8.4642 , 34.5434
8.4724 , 34.5537
8.4887 , 34.564
8.5049 , 34.5742
8.5211 , 34.5837
8.5295 , 34.5888
8.5376 , 34.5989
8.5536 , 34.6091
8.5697 , 34.6244
8.5938 , 34.6295
8.6018 , 34.6397
8.6178 , 34.6497
8.6337 , 34.6597
8.6497 , 34.6647
8.6576 , 34.6747
8.6735 , 34.6857
8.6927 , 34.6906
8.7007 , 34.7005
8.7166 , 34.7104
8.7324 , 34.7203
8.7483 , 34.7352
8.772 , 34.7451
8.7877 , 34.755
8.8034 , 34.7647
8.8189 , 34.7745
8.8344 , 34.7829
8.8448 , 34.7877
8.8526 , 34.8023
8.8759 , 34.812
8.8916 , 34.8168
8.8995 , 34.8263
8.9152 , 34.8358
8.931 , 34.8453
8.9468 , 34.8547
8.9625 , 34.8689
8.9858 , 34.8784
8.9945 , 34.8879
9.0099 , 34.8926
9.0177 , 34.8973
9.0254 , 34.9067
9.0408 , 34.9163
9.0563 , 34.9353
9.0874 , 34.94
9.0952 , 34.9496
9.1108 , 34.9591
9.1264 , 34.9685
9.1419 , 34.9778
9.1575 , 34.9845
9.1681 , 35.0031
9.1994 , 35.0078
9.2072 , 35.0172
9.2229 , 35.0315
9.2467 , 35.0361
9.2546 , 35.0504
9.2784 , 35.0551
9.2863 , 35.0646
9.3022 , 35.0746
9.3097 , 35.0841
9.3255 , 35.0936
9.3414 , 35.108
9.3653 , 35.1175
9.3814 , 35.1271
9.3977 , 35.1318
9.4059 , 35.1366
9.4141 , 35.1462
9.4307 , 35.1558
9.4473 , 35.1654
9.4639 , 35.1853
9.4875 , 35.1902
9.4959 , 35.1999
9.5123 , 35.2097
9.529 , 35.2196
9.5456 , 35.2295
9.5624 , 35.2495
9.5961 , 35.2545
9.6045 , 35.2596
9.6129 , 35.2647
9.6214 , 35.2747
9.6383 , 35.2874
9.6445 , 35.2976
9.6616 , 35.3078
9.6786 , 35.318
9.6958 , 35.3336
9.7218 , 35.3439
9.7391 , 35.3595
9.7654 , 35.3648
9.7743 , 35.3753
9.7921 , 35.3857
9.81 , 35.4004
9.8283 , 35.4057
9.8373 , 35.4111
9.8463 , 35.4215
9.8643 , 35.432
9.8823 , 35.4477
9.9091 , 35.453
9.9181 , 35.4634
9.9361 , 35.4791
9.963 , 35.4897
9.9812 , 35.5002
9.9993 , 35.5157
10.0169 , 35.521
10.0259 , 35.532
10.0442 , 35.5428
10.0623 , 35.5536
10.0805 , 35.5699
10.1077 , 35.5806
10.1257 , 35.5915
10.1439 , 35.6022
10.162 , 35.6129
10.1803 , 35.6204
10.1891 , 35.6258
10.1983 , 35.6312
10.2075 , 35.642
10.2259 , 35.6638
10.2628 , 35.6692
10.2721 , 35.68
10.2905 , 35.6907
10.309 , 35.7014
10.3274 , 35.712
10.3457 , 35.7227
10.364 , 35.7322
10.3704 , 35.7428
10.3886 , 35.7588
10.416 , 35.7696
10.4344 , 35.7803
10.4528 , 35.791
10.4712 , 35.8017
10.4896 , 35.8232
10.5264 , 35.8285
10.5355 , 35.8391
10.5426 , 35.8498
10.5608 , 35.8658
10.5881 , 35.8711
10.5972 , 35.8817
10.6153 , 35.8922
10.6334 , 35.9028
10.6515 , 35.908
10.6606 , 35.9186
10.6787 , 35.9292
10.6967 , 35.9398
10.7148 , 35.9511
10.724 , 35.9617
10.7421 , 35.9828
10.7782 , 35.9934
10.7963 , 35.9987
10.8054 , 36.0092
10.8235 , 36.0198
10.8418 , 36.0302
10.86 , 36.0408
10.8784 , 36.0564
10.9059 , 36.0674
10.9159 , 36.0727
10.9251 , 36.078
10.9343 , 36.0885
10.9526 , 36.099
10.971 , 36.1095
10.9892 , 36.12
11.0075 , 36.1304
11.0258 , 36.1408
11.0441 , 36.1566
11.0718 , 36.1618
11.0809 , 36.1836
11.1093 , 36.1889
11.1186 , 36.1996
11.1371 , 36.2103
11.1555 , 36.221
11.174 , 36.2317
11.1924 , 36.2478
11.2199 , 36.2585
11.2382 , 36.2692
11.2566 , 36.2745
11.2658 , 36.2797
11.275 , 36.2905
11.2848 , 36.2958
11.2941 , 36.301
11.3034 , 36.3063
11.3126 , 36.3116
11.322 , 36.3325
11.3592 , 36.3377
11.3685 , 36.3481
11.3871 , 36.3585
11.4056 , 36.3689
11.4241 , 36.3844
11.4515 , 36.3964
11.4562 , 36.4118
11.4835 , 36.4169
11.4926 , 36.4321
11.5198 , 36.4372
11.5288 , 36.4473
11.5469 , 36.4574
11.565 , 36.4676
11.5831 , 36.4778
11.6012 , 36.4829
11.6102 , 36.4931
11.6282 , 36.5113
11.6419 , 36.5165
11.6507 , 36.5269
11.6686 , 36.5372
11.6863 , 36.5475
11.7041 , 36.5628
11.731 , 36.5729
11.7489 , 36.5831
11.7669 , 36.5931
11.7849 , 36.6032
11.8029 , 36.6132
11.8209 , 36.6265
11.8239 , 36.6467
11.8597 , 36.6568
11.8777 , 36.662
11.8867 , 36.6721
11.9047 , 36.6875
11.9319 , 36.6927
11.9409 , 36.6979
11.95 , 36.7081
11.9682 , 36.7133
11.9773 , 36.7273
11.9826 , 36.7479
12.0186 , 36.7529
12.0276 , 36.7684
12.0545 , 36.7735
12.0635 , 36.784
12.0816 , 36.7944
12.0996 , 36.8049
12.1177 , 36.8259
12.1543 , 36.8313
12.1634 , 36.8415
12.1918 , 36.8467
12.201 , 36.8571
12.2192 , 36.8675
12.2374 , 36.8829
12.2647 , 36.8983
12.2922 , 36.9034
12.3014 , 36.9138
12.3197 , 36.9241
12.3382 , 36.9286
12.3559 , 36.9337
12.3652 , 36.9388
12.3745 , 36.9491
12.3933 , 36.9592
12.4119 , 36.9792
12.4495 , 36.9841
12.4588 , 36.9941
12.4773 , 37.0041
12.4959 , 37.0141
12.5144 , 37.0241
12.5328 , 37.0291
12.542 , 37.0377
12.5569 , 37.0427
12.5661 , 37.0476
12.5753 , 37.0576
12.5936 , 37.0674
12.6118 , 37.0773
12.6299 , 37.0871
12.648 , 37.0968
12.666 , 37.1164
12.702 , 37.1213
12.711 , 37.1261
12.72 , 37.1309
12.729 , 37.1405
12.7469 , 37.1508
12.758 , 37.1605
12.7759 , 37.1701
12.7939 , 37.1891
12.8297 , 37.1987
12.8475 , 37.2033
12.8564 , 37.208
12.8653 , 37.2219
12.8919 , 37.2311
12.9096 , 37.2413
12.9205 , 37.2505
12.9381 , 37.2597
12.9558 , 37.2691
12.9735 , 37.2738
12.9824 , 37.2831
13.0001 , 37.2924
13.0177 , 37.3017
13.0354 , 37.3109
13.0531 , 37.3201
13.0708 , 37.3292
13.0885 , 37.3485
13.1024 , 37.3531
13.1112 , 37.3714
13.1464 , 37.376
13.1552 , 37.3852
13.1727 , 37.3944
13.1903 , 37.4083
13.2167 , 37.4129
13.2255 , 37.4223
13.2432 , 37.4269
13.252 , 37.4432
13.2522 , 37.4479
13.261 , 37.4571
13.2785 , 37.4617
13.2873 , 37.4709
13.3049 , 37.48
13.3224 , 37.4984
13.3575 , 37.503
13.3664 , 37.5121
13.3839 , 37.5214
13.4015 , 37.5305
13.419 , 37.5437
13.4211 , 37.5529
13.4384 , 37.5621
13.4557 , 37.5803
13.49 , 37.5847
13.4986 , 37.5937
13.5157 , 37.6026
13.5328 , 37.6114
13.5498 , 37.6202
13.5668 , 37.6333
13.5921 , 37.642
13.6087 , 37.6536
13.6125 , 37.6622
13.6289 , 37.6665
13.6371 , 37.6708
13.6453 , 37.6794
13.6617 , 37.6879
13.678 , 37.6964
13.6943 , 37.7049
13.7106 , 37.7134
13.727 , 37.7219
13.7434 , 37.7303
13.7599 , 37.7327
13.7594 , 37.7369
13.7675 , 37.7452
13.7838 , 37.7535
13.7999 , 37.7618
13.816 , 37.77
13.832 , 37.7865
13.8642 , 37.7906
13.8724 , 37.7989
13.8887 , 37.807
13.9051 , 37.8133
13.9072 , 37.8215
13.9237 , 37.8339
13.9485 , 37.8381
13.9567 , 37.8463
13.9731 , 37.8504
13.9813 , 37.8587
13.9976 , 37.867
14.0139 , 37.8752
14.0303 , 37.8877
14.0549 , 37.8948
14.0585 , 37.899
14.0668 , 37.9032
14.075 , 37.9116
14.0915 , 37.9199
14.1081 , 37.9283
14.1246 , 37.9367
14.1413 , 37.9451
14.158 , 37.9535
14.1748 , 37.966
14.2 , 37.9743
14.2167 , 37.9859
14.2184 , 37.9985
14.2434 , 38.0027
14.2518 , 38.007
14.2601 , 38.0112
14.2685 , 38.0197
14.2852 , 38.0324
14.3101 , 38.0409
14.3269 , 38.0452
14.3353 , 38.0494
14.3436 , 38.0579
14.3605 , 38.0663
14.3772 , 38.0748
14.394 , 38.0874
14.3933 , 38.1044
14.4264 , 38.1087
14.4347 , 38.1173
14.4513 , 38.1258
14.4678 , 38.1342
14.4843 , 38.1426
14.5008 , 38.1509
14.5174 , 38.1592
14.5339 , 38.1772
14.5432 , 38.1814
14.5513 , 38.1978
14.5839 , 38.2018
14.592 , 38.2099
14.6082 , 38.218
14.6243 , 38.2261
14.6404 , 38.2342
14.6565 , 38.2505
14.6886 , 38.2546
14.6967 , 38.2688
14.6964 , 38.277
14.7124 , 38.2852
14.7284 , 38.2933
14.7444 , 38.3014
14.7604 , 38.3094
14.7764 , 38.3175
14.7924 , 38.3215
14.8004 , 38.3296
14.8162 , 38.3375
14.832 , 38.3455
14.8477 , 38.3649
14.8562 , 38.369
14.864 , 38.3853
14.895 , 38.3894
14.9028 , 38.3975
14.9184 , 38.4055
14.9339 , 38.4135
14.9495 , 38.4213
14.9651 , 38.4292
14.9807 , 38.4408
15.004 , 38.4564
15.0047 , 38.4643
15.0202 , 38.4724
15.0359 , 38.4805
15.0515 , 38.4888
15.0673 , 38.497
15.0832 , 38.5053
15.0991 , 38.5177
15.1229 , 38.5261
15.1389 , 38.5344
15.1549 , 38.5509
15.1542 , 38.555
15.1621 , 38.5592
15.1701 , 38.5675
15.1862 , 38.5759
15.2022 , 38.5843
15.2184 , 38.5884
15.2265 , 38.5968
15.2427 , 38.6053
15.2589 , 38.618
15.2832 , 38.6223
15.2914 , 38.6308
15.3076 , 38.66
15.3093 , 38.6687
15.3255 , 38.6818
15.3497 , 38.6861
15.3577 , 38.6948
15.3738 , 38.6992
15.3819 , 38.7079
15.398 , 38.7167
15.4141 , 38.7254
15.4303 , 38.7342
15.4464 , 38.743
15.4626 , 38.7688
15.4627 , 38.7869
15.4949 , 38.7915
15.5029 , 38.7959
15.511 , 38.8004
15.519 , 38.8095
15.5352 , 38.8185
15.5514 , 38.8275
15.5676 , 38.8454
15.6003 , 38.85
15.6084 , 38.8727
15.6106 , 38.8774
15.6189 , 38.882
15.6272 , 38.8913
15.6438 , 38.9006
15.6604 , 38.91
15.677 , 38.924
15.7019 , 38.9334
15.7185 , 38.9428
15.7349 , 38.9523
15.7515 , 38.9618
15.7681 , 38.9832
15.7705 , 38.9928
15.787 , 39.0025
15.8037 , 39.0122
15.8203 , 39.0171
15.8286 , 39.0267
15.8451 , 39.0364
15.8616 , 39.046
15.878 , 39.0556
15.8943 , 39.065
15.9104 , 39.0744
15.9267 , 39.0791
15.9348 , 39.0987
15.9414 , 39.1035
15.9495 , 39.1129
15.9656 , 39.1176
15.9737 , 39.1271
15.9898 , 39.1365
16.0059 , 39.1553
16.0378 , 39.16
16.0458 , 39.1646
16.0537 , 39.1737
16.0694 , 39.1783
16.0772 , 39.1828
16.085 , 39.2114
16.1072 , 39.2159
16.1149 , 39.2251
16.1303 , 39.2341
16.1457 , 39.2432
16.1611 , 39.2522
16.1765 , 39.2657
16.1994 , 39.2748
16.2147 , 39.2836
16.2297 , 39.2925
16.2447 , 39.3154
16.2562 , 39.3199
16.2636 , 39.3289
16.2784 , 39.3377
16.2931 , 39.3421
16.3004 , 39.351
16.3151 , 39.3598
16.3298 , 39.3686
16.3445 , 39.3773
16.3591 , 39.386
16.3736 , 39.3903
16.3809 , 39.4062
16.3883 , 39.4149
16.4027 , 39.4237
16.4171 , 39.4325
16.4315 , 39.4413
16.446 , 39.4502
16.4606 , 39.4591
16.4752 , 39.468
16.4899 , 39.4813
16.5122 , 39.4902
16.5271 , 39.5072
16.5322 , 39.5164
16.5472 , 39.5257
16.5624 , 39.5351
16.5777 , 39.5446
16.5931 , 39.5638
16.6242 , 39.5734
16.6399 , 39.5782
16.6478 , 39.5881
16.6637 , 39.6029
16.6877 , 39.6078
16.6958 , 39.6211
16.705 , 39.6313
16.7213 , 39.6364
16.7295 , 39.6467
16.7459 , 39.657
16.7624 , 39.6675
16.7791 , 39.6832
16.804 , 39.6885
16.8124 , 39.699
16.8291 , 39.7096
16.846 , 39.7187
16.8605 , 39.7293
16.8774 , 39.7504
16.9114 , 39.7557
16.92 , 39.7663
16.9371 , 39.777
16.9543 , 39.7876
16.9715 , 39.7982
16.9886 , 39.809
17.0057 , 39.8143
17.0142 , 39.8249
17.0312 , 39.8327
17.0436 , 39.8433
17.0606 , 39.8485
17.069 , 39.8538
17.0776 , 39.8643
17.0945 , 39.8749
17.1115 , 39.8906
17.1367 , 39.9011
17.1535 , 39.9116
17.1703 , 39.922
17.1869 , 39.9274
17.2027 , 39.9378
17.2193 , 39.9481
17.2359 , 39.9634
17.2607 , 39.9736
17.2772 , 39.9837
17.2936 , 39.9939
17.3101 , 40.004
17.3264 , 40.0141
17.3428 , 40.0242
17.359 , 40.0292
17.3671 , 40.0375
17.3801 , 40.0424
17.3882 , 40.0522
17.4043 , 40.0572
17.4123 , 40.0669
17.4284 , 40.0766
17.4445 , 40.0861
17.4604 , 40.0956
17.4764 , 40.1098
17.5003 , 40.1192
17.5162 , 40.1286
17.5321 , 40.1381
17.5479 , 40.1479
17.5594 , 40.1574
17.5752 , 40.1622
17.5831 , 40.1718
17.5989 , 40.1767
17.6069 , 40.1815
17.6148 , 40.1863
17.6227 , 40.1911
17.6307 , 40.2055
17.6545 , 40.2104
17.6624 , 40.225
17.6863 , 40.2298
17.6942 , 40.2424
17.7153 , 40.2523
17.7313 , 40.2572
17.7393 , 40.2671
17.7553 , 40.2771
17.7714 , 40.2821
17.7794 , 40.2871
17.7874 , 40.2921
17.7955 , 40.302
17.8117 , 40.3119
17.8279 , 40.3267
17.8523 , 40.3317
17.8605 , 40.3498
17.8872 , 40.3548
17.8955 , 40.3648
17.9121 , 40.3748
17.9289 , 40.3798
17.9372 , 40.3848
17.9455 , 40.4
17.9707 , 40.4051
17.9791 , 40.4203
18.0044 , 40.4306
18.0214 , 40.4387
18.0326 , 40.4491
18.0496 , 40.4543
18.0582 , 40.4595
18.0667 , 40.47
18.0838 , 40.4859
18.1096 , 40.4965
18.1269 , 40.5071
18.1441 , 40.5179
18.1615 , 40.5286
18.1788 , 40.5395
18.1962 , 40.5488
18.2052 , 40.5543
18.2139 , 40.5597
18.2226 , 40.5706
18.2401 , 40.5815
18.2578 , 40.5869
18.2666 , 40.6032
18.2933 , 40.6086
18.3022 , 40.6195
18.3202 , 40.6358
18.347 , 40.6412
18.356 , 40.6575
18.383 , 40.6683
18.401 , 40.679
18.4129 , 40.6899
18.431 , 40.7009
18.4491 , 40.7063
18.4582 , 40.7118
18.4672 , 40.734
18.5036 , 40.7396
18.5126 , 40.7507
18.5307 , 40.7563
18.5397 , 40.7729
18.5666 , 40.7946
18.5864 , 40.8001
18.5954 , 40.8113
18.6133 , 40.8225
18.6312 , 40.8336
18.6491 , 40.8559
18.6847 , 40.8615
18.6936 , 40.867
18.7025 , 40.8726
18.7114 , 40.8837
18.7293 , 40.8946
18.7472 , 40.9086
18.7584 , 40.9195
18.7763 , 40.9412
18.8122 , 40.9467
18.8211 , 40.9575
18.8389 , 40.9686
18.8568 , 40.9797
18.8745 , 40.9909
18.8923 , 41.0078
18.9191 , 41.019
18.9368 , 41.0339
18.9464 , 41.0452
18.9642 , 41.0565
18.9821 , 41.0676
19 , 41.0787
19.0179 , 41.0899
19.0358 , 41.101
19.0538 , 41.1231
19.0898 , 41.1287
19.0987 , 41.1473
19.116 , 41.1529
19.125 , 41.1641
19.1429 , 41.1751
19.1607 , 41.1973
19.1962 , 41.2028
19.2051 , 41.2083
19.214 , 41.2138
19.2229 , 41.225
19.2408 , 41.2305
19.2497 , 41.2361
19.2587 , 41.2472
19.2767 , 41.2585
19.2948 , 41.2816
19.3218 , 41.2874
19.3308 , 41.2986
19.3487 , 41.3099
19.3666 , 41.3212
19.3844 , 41.3326
19.4023 , 41.3382
19.4112 , 41.3439
19.4202 , 41.3496
19.4292 , 41.3552
19.4381 , 41.3667
19.4561 , 41.3781
19.4647 , 41.3838
19.4738 , 41.3896
19.4828 , 41.4067
19.51 , 41.4181
19.528 , 41.4294
19.5461 , 41.4406
19.5639 , 41.4518
19.5818 , 41.4686
19.6084 , 41.4852
19.6348 , 41.4908
19.6436 , 41.5067
19.6594 , 41.5123
19.6682 , 41.5234
19.6859 , 41.5343
19.7034 , 41.5453
19.721 , 41.5615
19.7471 , 41.5723
19.7644 , 41.583
19.7816 , 41.5937
19.7987 , 41.6045
19.8159 , 41.6148
19.8219 , 41.6255
19.8389 , 41.6362
19.856 , 41.6523
19.8814 , 41.6629
19.8983 , 41.6735
19.9152 , 41.684
19.932 , 41.6945
19.9487 , 41.7101
19.9737 , 41.7153
19.982 , 41.7241
19.9919 , 41.7346
20.0084 , 41.7398
20.0167 , 41.7502
20.0331 , 41.7605
20.0495 , 41.7657
20.0577 , 41.7708
20.0659 , 41.781
20.0822 , 41.796
20.1065 , 41.806
20.1227 , 41.8159
20.1388 , 41.8257
20.1548 , 41.8347
20.1627 , 41.8445
20.1786 , 41.8639
20.2104 , 41.8688
20.2183 , 41.8784
20.2341 , 41.8881
20.2499 , 41.893
20.2578 , 41.8978
20.2657 , 41.9076
20.2814 , 41.9174
20.2971 , 41.9273
20.3129 , 41.9478
20.3125 , 41.958
20.3283 , 41.963
20.3361 , 41.9781
20.3597 , 41.9831
20.3676 , 41.9982
20.3914 , 42.0084
20.4074 , 42.0135
20.4155 , 42.0238
20.4316 , 42.0341
20.448 , 42.0392
20.4561 , 42.0443
20.4643 , 42.0593
20.4671 , 42.0644
20.4752 , 42.0748
20.4914 , 42.0851
20.5076 , 42.0954
20.5238 , 42.1056
20.54 , 42.116
20.5563 , 42.1263
20.5726 , 42.1315
20.5807 , 42.1471
20.6053 , 42.1523
20.6135 , 42.1693
20.6292 , 42.1745
20.6374 , 42.1849
20.6537 , 42.2006
20.678 , 42.2111
20.6943 , 42.2217
20.7105 , 42.2324
20.7269 , 42.243
20.7431 , 42.2537
20.7595 , 42.2644
20.7758 , 42.2764
20.7816 , 42.2818
20.7897 , 42.2978
20.8143 , 42.3031
20.8224 , 42.3138
20.8388 , 42.3244
20.8551 , 42.3404
20.8798 , 42.3456
20.888 , 42.3564
20.9045 , 42.3723
20.9292 , 42.383
20.9456 , 42.3925
20.9529 , 42.4033
20.9695 , 42.414
20.9858 , 42.4301
21.0105 , 42.4355
21.0187 , 42.4464
21.0352 , 42.4517
21.0434 , 42.4625
21.0599 , 42.4679
21.0681 , 42.4894
21.101 , 42.4947
21.1092 , 42.5042
21.1178 , 42.5149
21.1343 , 42.5256
21.1508 , 42.5364
21.1672 , 42.5471
21.1836 , 42.5577
21.2 , 42.563
21.2083 , 42.5737
21.2247 , 42.5843
21.2409 , 42.5948
21.2571 , 42.6053
21.2733 , 42.6143
21.28 , 42.6196
21.288 , 42.6248
21.296 , 42.6352
21.3118 , 42.6403
21.3197 , 42.6506
21.3355 , 42.6609
21.3513 , 42.671
21.3669 , 42.6812
21.3825 , 42.6912
21.398 , 42.7012
21.4134 , 42.7062
21.4211 , 42.7132
21.4288 , 42.7182
21.4364 , 42.7231
21.4441 , 42.733
21.4593 , 42.7427
21.4745 , 42.7525
21.4897 , 42.7573
21.4973 , 42.7622
21.5048 , 42.7813
21.535 , 42.7861
21.5425 , 42.7909
21.55 , 42.7957
21.5575 , 42.8052
21.5724 , 42.813
21.5803 , 42.8178
21.5876 , 42.8225
21.5951 , 42.8321
21.6099 , 42.8416
21.6247 , 42.851
21.6394 , 42.8557
21.6468 , 42.8698
21.6688 , 42.8745
21.6762 , 42.8838
21.6907 , 42.8979
21.7127 , 42.9073
21.7274 , 42.912
21.7348 , 42.9164
21.7445 , 42.9257
21.7592 , 42.9304
21.7666 , 42.9398
21.7813 , 42.9492
21.7961 , 42.9585
21.8107 , 42.9678
21.8254 , 42.9771
21.8402 , 42.9865
21.855 , 42.9958
21.8697 , 43.0005
21.8771 , 43.0034
21.8959 , 43.0081
21.9033 , 43.0174
21.9182 , 43.0313
21.9405 , 43.036
21.948 , 43.0453
21.9628 , 43.064
21.9926 , 43.0686
22 , 43.078
22.0149 , 43.0874
22.0298 , 43.094
22.0481 , 43.0988
22.0556 , 43.1082
22.0708 , 43.1178
22.0861 , 43.1321
22.1089 , 43.1415
22.1241 , 43.1559
22.147 , 43.1606
22.1546 , 43.1701
22.17 , 43.1762
22.1791 , 43.1857
22.1946 , 43.1952
22.2102 , 43.2144
22.2416 , 43.2192
22.2494 , 43.2289
22.2652 , 43.2387
22.2809 , 43.2485
22.2968 , 43.2683
22.3284 , 43.2732
22.3363 , 43.278
22.349 , 43.2929
22.3732 , 43.2979
22.3812 , 43.3079
22.3975 , 43.318
22.4138 , 43.3383
22.4467 , 43.3435
22.455 , 43.3538
22.4715 , 43.3641
22.4882 , 43.3745
22.505 , 43.385
22.5218 , 43.3936
22.5322 , 43.4041
22.5491 , 43.4147
22.5661 , 43.42
22.5747 , 43.4307
22.5918 , 43.4412
22.609 , 43.4518
22.6262 , 43.4623
22.6433 , 43.4728
22.6605 , 43.4832
22.6777 , 43.4911
22.6892 , 43.5016
22.7064 , 43.5122
22.7236 , 43.5281
22.7492 , 43.544
22.7749 , 43.5494
22.7835 , 43.56
22.8007 , 43.5757
22.8265 , 43.5809
22.8351 , 43.5913
22.8523 , 43.5965
22.8609 , 43.606
22.8696 , 43.6164
22.8867 , 43.6268
22.9038 , 43.6371
22.9208 , 43.6475
22.9378 , 43.6576
22.9547 , 43.6729
22.9802 , 43.6779
22.9886 , 43.683
22.9971 , 43.698
23.0225 , 43.7031
23.0311 , 43.7177
23.0491 , 43.7228
23.0576 , 43.7329
23.0744 , 43.7481
23.0996 , 43.7632
23.1247 , 43.7682
23.133 , 43.7732
23.1413 , 43.7783
23.1497 , 43.7884
23.1663 , 43.7985
23.183 , 43.8094
23.1928 , 43.8144
23.2011 , 43.8247
23.2177 , 43.8348
23.2343 , 43.8449
23.2509 , 43.855
23.2675 , 43.8652
23.2841 , 43.8752
23.3006 , 43.8852
23.3172 , 43.8952
23.3338 , 43.9003
23.3422 , 43.9103
23.3589 , 43.9203
23.3758 , 43.9314
23.3875 , 43.9416
23.4045 , 43.9517
23.4214 , 43.9618
23.4383 , 43.9718
23.455 , 43.9819
23.4719 , 43.9869
23.4804 , 43.9919
23.4888 , 44.0068
23.5141 , 44.0168
23.5312 , 44.0335
23.5542 , 44.0436
23.5713 , 44.0538
23.5884 , 44.0589
23.5969 , 44.0691
23.6139 , 44.0844
23.6392 , 44.0945
23.6561 , 44.1046
23.673 , 44.1146
23.6899 , 44.1246
23.7068 , 44.137
23.7198 , 44.1471
23.7368 , 44.1571
23.7538 , 44.1722
23.779 , 44.1872
23.8042 , 44.1971
23.8208 , 44.2021
23.8291 , 44.2119
23.8455 , 44.2218
23.8619 , 44.2316
23.8783 , 44.2437
23.8903 , 44.2534
23.9066 , 44.2583
23.9147 , 44.2679
23.931 , 44.2774
23.9473 , 44.2866
23.9636 , 44.2957
23.98 , 44.3048
23.9964 , 44.3093
24.0046 , 44.3182
24.0209 , 44.3272
24.0371 , 44.3449
24.0554 , 44.3494
24.0634 , 44.3585
24.0794 , 44.3767
24.1112 , 44.3813
24.1191 , 44.3949
24.1427 , 44.3994
24.1505 , 44.4085
24.1662 , 44.4175
24.182 , 44.4265
24.1978 , 44.4354
24.2136 , 44.4398
24.2215 , 44.454
24.231 , 44.4627
24.2468 , 44.4714
24.2626 , 44.48
24.2784 , 44.4886
24.2943 , 44.4971
24.3101 , 44.5057
24.3259 , 44.5142
24.3417 , 44.5271
24.3653 , 44.5437
24.3839 , 44.5481
24.3918 , 44.5567
24.4077 , 44.5653
24.4235 , 44.5696
24.4314 , 44.578
24.4473 , 44.5823
24.4552 , 44.5907
24.4711 , 44.6078
24.503 , 44.6121
24.511 , 44.6207
24.5271 , 44.6332
24.5407 , 44.6463
24.5649 , 44.6506
24.573 , 44.6636
24.5974 , 44.6679
24.6056 , 44.6809
24.63 , 44.6894
24.6463 , 44.6979
24.6627 , 44.7065
24.6791 , 44.715
24.6955 , 44.7355
24.7135 , 44.7398
24.7218 , 44.7526
24.7467 , 44.7611
24.7633 , 44.7697
24.7799 , 44.7782
24.7965 , 44.7867
24.813 , 44.7953
24.8295 , 44.7996
24.8377 , 44.8082
24.8543 , 44.8235
24.8726 , 44.8321
24.8894 , 44.8364
24.8978 , 44.845
24.9149 , 44.8534
24.9321 , 44.8619
24.9494 , 44.8746
24.9753 , 44.8829
24.9927 , 44.8871
25.0014 , 44.8914
25.0101 , 44.8998
25.0276 , 44.9083
25.0453 , 44.9209
25.0582 , 44.9385
25.094 , 44.9475
25.1122 , 44.952
25.1213 , 44.9655
25.1487 , 44.97
25.1579 , 44.9789
25.1762 , 44.9878
25.1944 , 44.9967
25.2127 , 45.0056
25.231 , 45.0247
25.2414 , 45.0338
25.2599 , 45.0429
25.2785 , 45.0475
25.2879 , 45.052
25.2973 , 45.0566
25.3067 , 45.0657
25.3257 , 45.0747
25.3447 , 45.0838
25.3639 , 45.0927
25.3831 , 45.1016
25.4024 , 45.1104
25.4218 , 45.1367
25.4419 , 45.1456
25.4613 , 45.1544
25.4808 , 45.1633
25.5003 , 45.1722
25.5199 , 45.1811
25.5394 , 45.1944
25.5688 , 45.2076
25.5983 , 45.212
25.6081 , 45.2379
25.6295 , 45.2423
25.6394 , 45.2511
25.6592 , 45.2683
25.6989 , 45.2768
25.719 , 45.2811
25.729 , 45.2895
25.7491 , 45.2978
25.7692 , 45.3102
25.7994 , 45.3143
25.8095 , 45.3314
25.8224 , 45.3356
25.8325 , 45.344
25.8528 , 45.3524
25.8731 , 45.3607
25.8936 , 45.369
25.9141 , 45.3772
25.9347 , 45.3854
25.9554 , 45.3935
25.9762 , 45.3975
25.9865 , 45.4055
26.0073 , 45.4133
26.0281 , 45.4334
26.0392 , 45.4373
26.0495 , 45.4452
26.0702 , 45.4491
26.0805 , 45.4569
26.1011 , 45.4608
26.1115 , 45.4686
26.1321 , 45.4725
26.1425 , 45.4802
26.1633 , 45.484
26.1736 , 45.4915
26.1944 , 45.4989
26.2151 , 45.5246
26.2281 , 45.5283
26.2384 , 45.532
26.2487 , 45.5356
26.259 , 45.5391
26.2693 , 45.5495
26.3001 , 45.5529
26.3103 , 45.5595
26.3308 , 45.5693
26.3616 , 45.5758
26.382 , 45.5823
26.4025 , 45.5855
26.4126 , 45.5888
26.4228 , 45.5952
26.4432 , 45.6205
26.4521 , 45.6272
26.4722 , 45.6373
26.502 , 45.6472
26.5315 , 45.6504
26.5413 , 45.6568
26.5607 , 45.663
26.5801 , 45.6691
26.5995 , 45.6777
26.6286 , 45.6991
26.6382 , 45.702
26.6478 , 45.7048
26.6574 , 45.7103
26.6764 , 45.7157
26.6954 , 45.721
26.7141 , 45.7262
26.7328 , 45.7339
26.7605 , 45.7412
26.788 , 45.7435
26.7972 , 45.7481
26.8154 , 45.7711
26.8355 , 45.7734
26.8446 , 45.7779
26.8626 , 45.7823
26.8803 , 45.7845
26.8891 , 45.7889
26.9065 , 45.7932
26.9238 , 45.7975
26.9409 , 45.8017
26.958 , 45.8058
26.975 , 45.8097
26.9921 , 45.8135
27.0092 , 45.8321
27.0174 , 45.8358
27.0346 , 45.8376
27.0432 , 45.8412
27.0604 , 45.843
27.069 , 45.8465
27.0861 , 45.8483
27.0946 , 45.8535
27.1201 , 45.8553
27.1286 , 45.8588
27.1456 , 45.8623
27.1627 , 45.8844
27.1613 , 45.888
27.1784 , 45.8897
27.1869 , 45.8932
27.2041 , 45.8965
27.2212 , 45.8997
27.2383 , 45.9028
27.2554 , 45.9058
27.2724 , 45.9116
27.3062 , 45.9129
27.3146 , 45.9156
27.3315 , 45.9148
27.3451 , 45.916
27.3535 , 45.9182
27.3704 , 45.9225
27.4043 , 45.9235
27.4128 , 45.9264
27.438 , 45.9274
27.4463 , 45.9274
